[{"domain":"developer.aevi-test.com","httpOnly":true,"name":"_community_aevi_com_session","path":"/","secure":true,"value":"PXLLCVdrmPntoeeH%2BIVtWYOCof%2BWD18HzxsQkGtWymSms4%2BecydaZzI6e8c8HXA3%2BLxeTuLhl4abvxHdfAH7gvQWh7C8WC5WKewMDsiVWFVo6JenW9cDayt%2F%2Frumu%2F%2FrgaACc8N5ToeQARgPnz4lOODYKw09BoGKkndYcKrM99uXy902BvjupWPcMmnqWdVp%2B6tTuZrM6zIiPw4kVgfGqutvDwGK%2FGmjDQZ9GetejGsNUUw5hs177AKJTdeHXLU07fbI0reDTwFFb3LpdJnZKL5HJhjGbwZjX6KiC2Mg%2BYIEYViTob0e2s2LKeNJNEymSoNKEcupDmDaQBZLKpgEqmDFcr5CMqsT92%2FMwix6b8%2F2JrAOxhF7NAPI1IVNkMBbLyW3DORu4OyPG45pV4AfTXxhESERc3iMX11TiOcMvOm0cUs%3D--2uMELaX13Lodobv8--6c%2FnJpXdUsvDYemkGl1Qhw%3D%3D"}]